country,vaccinationratio,populationratio,ratioofratios
India,0.9032022373515741,0.9438134563359996,0.9569711379809277
